File,photo_likely_location,weather,photo_description,feelings
IMG_1494,"Dolores Park in San Francisco, California","Clear skies around sunset, with warm golden hour lighting","The image shows a park with people sitting and relaxing on the grass in the foreground. Palm trees and other trees are scattered throughout the park. In the background, the San Francisco skyline is visible with numerous tall buildings, including the distinctive Transamerica Pyramid. The sky has a golden glow, suggesting it was taken around sunset.","

Peaceful
Serene
Relaxed
Content
Appreciative
"
IMG_0599,"
This photo was most likely taken at Sightglass Coffee in the SoMa neighborhood of San Francisco, California. The coordinates place the location in that general area of the city.
"," Given the outdoor setting and people in light clothing, the weather appears to be mild and pleasant, likely a sunny or partly cloudy day. The lighting suggests daytime rather than evening. ","
The image shows a person's hand holding a gray ceramic mug filled with a latte or cappuccino, evident from the foam art heart design on top of the coffee. The mug is being held over a wooden deck or outdoor seating area. Metal railings can be seen in the background, along with parked cars and buildings across the street, indicating an urban setting, likely near a coffee shop with outdoor seating.
"," Based on the artistic latte foam heart, pleasant weather, and relaxed outdoor coffee shop setting, I would describe the feelings of the person who took this photo as: 1. Content 2. Appreciative 3. Relaxed 4. Indulgent 5. Inspired "
